x1,x2,x3,x4,x5,x6,x7,x8,x9,x10,y
2.304617560722809,7.384543745581538,4.247185545372964,4.563229424741473,3.0553313358029,2.0110457688786973,3.5113274374570107,6.046623995413042,8.041779091287662,3.960526981521276,37.36945266521951
6.988055662237705,2.5064330197543625,10.709510532335072,6.204956590766164,8.772318475919816,4.165546720164501,3.8569679424558307,3.942503410269487,2.434927486695247,5.188451553245818,198.88959633740902
-1.404664759934593,1.9058180562244948,6.779893952425026,4.9837278208535665,7.809062790537304,6.0087025761873605,4.420938118604204,3.2322914796864683,3.2824111269414358,5.013573775092823,110.00131602132194
9.066660129533263,0.4416570405765041,3.185134119589324,2.8408287196664417,2.8124532989226028,6.461941825226635,3.3829088874566784,6.5890927839727444,1.213591142501203,1.738048623782762,114.87085894625169
1.9731342703857542,1.8331834201535417,7.41299221773591,4.616954881209775,6.260930981644103,1.7121641454369576,5.93652416539706,4.889175496777513,4.890500662843582,6.3114967449591814,63.807455565587375
3.352948890832062,6.744035091381919,2.892306707146352,4.431518542401044,4.956517761601242,8.288217037696668,6.387921692026767,5.053971109163895,6.153710931091274,6.688869472311804,64.45858734440493
7.5129367017512205,4.2264921532903665,2.979305615805662,6.58611366209489,9.580115504659378,7.294138327699304,7.342726341544973,4.107572096257682,4.818464301437882,5.261087954898329,203.55465018689517
4.366060944734622,1.0439115539939938,3.8773626547117344,3.8319512259386084,2.9640925929339614,-0.9838356385054174,2.086335856157297,6.317027292856724,6.864435591749578,10.83936555092869,-77.50892153897892
5.9267867478686105,4.639216999145105,6.697664444444727,5.460422185850076,3.977638539320324,2.281777045841617,1.5887201053992936,3.015292869987588,4.213125595337777,2.269385036560161,148.60221012638078
5.4790664593923575,0.6643236150843519,5.381326009548758,3.7424782531617438,4.158154884930036,4.0965497830553295,6.4478290782301615,6.472078152071862,5.360820271749446,3.665899191125397,37.79906015976745
11.262391160538913,5.7509157814188505,5.34683339758568,8.936385671521906,6.927033675549088,4.965792440530804,5.093084974464192,5.593643291659809,5.699810211069697,3.435394343364875,245.74394783879004
13.02142996891737,9.909183537241674,4.527062106114068,4.577083539969662,0.1982120509887153,4.171328446370373,4.892631620057543,6.470362943039622,7.642385405533004,8.526774139081022,51.40253590550501
0.7594719430186112,7.381644252406245,4.43496524567921,7.360746037291457,8.052754376092725,6.64225541638389,2.406151268920982,0.6052159915432087,0.5682251910501188,5.6871731158109515,253.8249902121493
12.174720940250413,5.201634893548783,4.656986185730265,6.147217515372011,6.396758130539355,4.947955605116341,5.790019760179667,5.629191341757801,6.128908965974049,10.430309010790191,103.25651983851697
5.3259659226167075,0.5614287808438538,1.4533346503674824,3.422165610942356,3.9111024961474854,8.045177015108475,6.343695141709912,6.143549393945506,5.323551183547414,8.491574293501321,-20.55278482848323
4.293036884439244,3.6065012888453465,3.5705551589387845,4.785574970910752,5.003793911712313,4.869599606915671,5.036389920617348,7.85041125412245,7.497309462263686,2.161394226819442,79.90007413425859
9.648947695328394,5.7698200585653145,2.7209803453857178,4.163835445539927,6.850606321984837,2.3816648352999232,4.095453746615762,1.8303531763046816,3.156100580271728,1.3340742753433745,202.96312350976913
8.300787859817198,8.534281157700528,5.580546418915657,5.330808817388603,5.919122073789506,7.4054040360480204,4.611895914131324,2.9704565109026118,9.054702317577295,4.26352113563733,103.5691367799187
1.9039293322795277,5.720744393444699,4.566250727356764,6.204608214782035,7.884450274985298,5.166494717222906,5.886821922132744,8.448237146935238,6.346683990954917,7.3724111596368775,113.65909711697485
7.705486824923941,2.506273077306419,4.231130363619414,4.2491523366362385,6.673948194100886,4.782630880178233,4.795537581721524,2.934656352397715,1.792247960016708,4.904066894819692,158.48052376609564
3.3562811713979652,4.369706191027738,6.920140665793122,4.044282891030219,-0.6343037581837772,3.5623411347329466,1.9392483754858443,2.379233915939284,9.433527328428564,3.472589756984063,-47.29747455139329
2.906130182905199,3.9393170408861735,2.926578789938691,2.3365554027615367,3.0672637339200923,3.2416980613027935,1.7955475583254281,3.1905242959232467,4.322654521209242,6.512014477272244,6.642684953768647
-6.35451927575386,5.481941857143814,7.548333065710487,9.484274511650195,8.135137914807995,7.949935905713871,2.2012746837018438,3.4677035540565795,3.0551875725304587,4.60614363325181,218.71532522599153
8.325390202558957,6.7289261273894105,2.939220722284049,1.8878880486752747,6.431745402456828,9.382466631553697,5.81779921387525,2.614892959383444,2.5733557371537468,3.9377745986417247,155.58081954494395
8.164382866487717,6.317057283404508,7.446285859166423,5.870645503825732,1.5131233965835964,3.3119934221758944,4.903969314495411,3.995086011615111,5.754715062495257,7.446023775039559,60.328780198560715
10.512971948592543,6.390114947404441,6.3612337146411235,5.300673383899769,-0.5451627990060066,-0.24287020849429286,0.039661348833613275,3.310667041954238,5.177514305560935,4.329237325188721,81.57598991006022
10.15924207151775,-0.04028190917120256,5.901920485025664,8.23006357867238,6.811602507719206,9.319253011994855,8.916273570234889,11.914849253891855,7.289849975919988,4.344064190676851,136.0136870558793
-2.6125464838428556,7.397898000207141,7.704985814766925,7.803932813817831,5.370174756799285,3.7345476726961673,2.718581010606402,4.167771726822714,4.109622186744243,6.052100221607418,160.25998245795864
4.578995645515744,5.259952239944469,4.367070306093357,2.396297755706232,3.8895654270410374,4.036829503076722,6.425867446354838,2.463390510159056,-0.6248944513419028,-1.5346672555067302,197.46005845952047
5.585861381171767,6.74828829800361,5.009817750163354,5.691605000054389,3.6780366606864607,5.190690170367324,7.438253893209481,6.740108002562648,7.53268519704068,4.336416347065262,89.31915931911624
8.002163102447168,8.679522567453809,5.3218334878862015,7.2086405637138515,3.5542016192263994,3.3710662122047474,4.093718547384452,5.503047614213407,4.9379088999414265,4.623284292930968,172.20627418110914
6.332137748424802,6.115329573254329,0.8668129325411087,3.097490634496698,2.0053406023101172,3.3881056892281416,4.380016555038062,4.637104121568273,3.6956058926126363,3.4180672443718088,83.47306247851324
4.887567067948656,3.969055238519746,4.75567947560234,3.551375063432606,1.290421875622295,1.9445852323369963,6.49948975603049,7.965650947873442,10.466976008425673,5.978767255283815,-73.43864047927899
4.462351140425928,7.065677691452166,5.984692044999719,5.649242434591631,6.410199868321207,7.019746267231455,6.914072554257698,4.513395969477954,2.4215010102799903,4.459125802813018,197.96904236877538
8.793165803749506,4.444385281482351,6.619375326035414,4.316384847276138,4.94059949713148,6.282320780546164,3.0369865015652384,4.608858796279065,2.5163878895832177,6.75218962991617,128.86971797106705
4.425915673732661,1.9604864194454859,3.9097304732280502,2.8630771256391117,2.3584069949429276,2.1300161181411856,4.201501155140041,4.145214459496204,2.3238897896416293,3.539465281363392,60.55180370114077
3.7159156623096914,2.105060652224629,1.261636301573919,2.2946108278415576,3.20796267101594,3.4032511902928198,5.591237471776487,5.697586925844603,4.1206205637120235,4.3103973955587485,18.82019119141507
4.61240343675065,8.689523918020924,1.1657084241381828,3.8304566400858393,0.9024016038782445,2.0769387757255147,7.2715963670299395,3.5267539850213887,2.282730198076336,1.9446358381242645,141.6767212073357
9.01392902955697,3.210131197740081,6.435757499395743,7.300348265332952,9.168791566186384,5.698991191394022,9.505652334637189,6.268914782781248,8.76271678843459,6.519146771908067,125.33519409345702
9.211863249487799,6.606052248163877,3.2001952397619604,-0.49739117917058717,3.614286694968569,7.070539886705804,8.664266607990648,6.14220609764992,8.933238505053879,6.5222730520671846,-57.236860559819355
11.597343162261366,7.611976291705006,7.276508252446956,5.574285870006304,5.637312467918369,6.326853138789885,4.58106112686427,3.908858128570395,5.454028857377635,7.071354829098134,157.70788314725786
1.3127186995057714,6.616622087080339,4.626275433524445,7.119101812357102,4.28097565629742,5.576088351514748,9.462026972536787,9.316533963967366,8.97946340742967,5.381225768198437,70.27561228886621
-2.9432212840994403,1.2903476129657507,-1.7984497795116248,1.4108361512231729,4.28765891432148,2.650792901649306,6.141515481272985,3.74316652012881,4.428834084539462,8.34058242626307,-67.59249312032915
8.718410533749053,12.69798134767875,5.475010882431978,7.509890731239514,6.3834494377095705,7.832432799214402,5.094498648649247,9.920952085846377,5.258380582330857,3.3860376867401936,278.0534625736234
3.974461018254674,1.00292652075527,4.941342864678117,7.045808336695622,7.324158877387816,6.1718210907317514,5.755927356235786,9.15880911418141,7.045401019211859,8.86953809106059,64.87955678144164
6.128365442433486,1.6472797951659404,4.4921833359989405,3.3374586394063144,3.7946864851446582,4.222272190388572,5.588875269692359,8.643101796155342,4.951392062447029,6.7097386199865605,6.846393536342518
-3.463517441528211,2.4173867588865536,3.6956911399906405,4.457032495297694,6.199516029869493,4.239519324097312,5.996312673233857,6.820981524476782,6.5777042689888265,4.8373748807507715,31.585131023796933
4.766262489495067,11.579072568881369,4.973752860109059,8.34338867996689,4.197801249383396,8.6324997288622,12.499985561559843,6.998138271121355,8.878104608210624,5.724192481291899,152.29103894567027
5.298652558522071,4.123902335138737,8.89655139640945,6.888347402183695,3.324829798511859,7.859824601229645,9.209018687844084,7.568845274627472,7.058312376904844,7.015359585322631,63.14589351099048
6.118901929360687,2.4657125802902033,0.8343908381054703,1.7494410039545927,6.362379028338128,5.763159557928656,4.816511191461042,4.087369757153708,0.7964917371285809,4.203845992882598,126.29937330843045
2.552146275847565,-1.863162853228686,2.3366905781867793,2.086424791684353,2.8943570409551307,4.334306078253688,5.976824811947279,7.718730245433673,5.600143292591383,7.791725584590684,-96.63534420972661
4.073935834771043,2.95238251508175,5.07989457942475,7.787950387435741,5.587436499903356,6.65095290670078,3.475655897911043,4.588667381900055,4.8497072038412785,5.3276518772053665,138.7496603174041
12.737593865766259,4.013774602150496,8.331656699910498,1.9009404418445421,3.396597892775336,3.910007987380653,7.489162604196098,6.680326466966566,5.0622468135995655,6.790693463539246,34.27191380860637
1.2737776209860558,5.695220938752279,9.155072191840567,8.500576577531767,7.504044830575816,6.644212654247115,6.484522028162417,3.955080598776926,3.2820620042016113,6.227186972386967,207.2937682766619
0.22447601659709537,6.558019697941724,9.79773989841031,6.7889061199873675,2.9927975714656103,0.7739394886879802,3.7174378259074743,6.843104517739958,7.650206197368216,7.821990579517688,47.058107955351026
4.103035359197133,7.1878800241350405,5.658232279094584,4.272028255903023,3.295717724661253,3.798656015585503,4.437186119869509,3.827455682974343,2.6799381382027985,4.527457271128345,127.0771570317072
4.843291954199081,1.9048594501903082,2.0896457916095086,-1.3490367637345546,3.2051917505992895,5.614689824628868,2.425126777471056,3.9012921138495633,0.18154136596613846,3.9157783002417945,20.000936642734548
5.906655697528091,1.6118048399314815,4.144408272936454,0.15551170426028715,2.6216757457541924,4.374143005045006,4.604949299637516,5.297246731640499,4.640024371213607,-0.30500004712436457,16.124014528996483
2.6483923828136176,9.53310128624464,3.9776203696171946,3.7625339840228924,1.6219968972485157,2.914905509413814,5.151591522131834,6.200145864703016,5.315339833315806,8.32723432091829,30.8093546011494
4.089905331734598,7.803055629527618,5.106981478792515,4.198929091723376,3.629910408884602,6.488194925057892,4.910133553000249,5.792349085193199,3.4789539296637217,3.812132750769603,132.56870651252493
0.5412268883569578,10.130807902334677,3.7592419604489704,4.131837295644307,4.35587504924451,7.374419866285533,0.5947355179873357,4.80756530366195,5.849034390348559,7.440859510882291,77.40451010219688
2.1093740665157004,5.8115784481496595,1.798661555995324,4.736761954966592,6.5625384551169645,7.362678499377592,7.220461897134519,2.823513488162907,2.3122691758851674,0.9446288654270099,199.51890719364084
7.929384564286096,10.124021983475952,3.5983543590563207,0.790051495684577,0.4866938310510598,4.261165836798674,3.691288579323329,2.5761780474307514,3.285504644129638,3.216568360545221,78.69295124493536
13.64039989751449,1.0854077264143092,6.426934333368832,3.282137937502469,4.480222891821723,1.686176934027877,3.9538875637375543,7.343695593411429,4.224713282637459,3.165769295533346,97.35660163829634
7.889993741721792,-0.9798972821705751,5.474931200057928,1.4087695333470514,5.117450922601062,7.2730714703470625,4.649669951023156,1.8239074798336081,2.524985415362041,5.4958340430290225,23.795090228183355
-2.179816115401846,1.5237044739588979,-0.9735448589050018,3.121788874357705,5.527941406775129,7.517041249846267,7.101356526177501,4.087641240779234,1.6593448123684866,1.4925307371347527,102.66553742803704
7.218571519564078,5.542250796728224,7.978971927614165,3.9763544609575363,8.578016460208163,5.9558724321862995,2.5669924392291525,4.69481166439953,7.246766496396885,3.7250109198120676,135.85708941935064
-1.792629551798524,5.873859798833849,11.41624313970469,6.8210784593792955,7.076706873546373,6.132643635004027,7.4903839404015145,3.2292807693989785,8.216260912461408,5.783873758619477,87.37108728119571
1.1692807711665312,5.755301005940853,7.007927984365856,7.496648677076675,5.341332420040376,5.768991696178035,5.155097160819063,5.457329408207054,7.43007467066777,8.437777347216308,77.16244014867492
7.597770669242351,2.6236777727127683,1.7543793645889703,4.242499713380191,2.2786345963244936,5.703459181469632,6.98700077902724,7.457788392616099,5.146362998366819,5.959589125965707,38.213266977654776
8.473109947680388,-0.6692019187207832,6.782661549546258,2.855591338769386,8.540862107970382,6.53252245757365,2.251943654099834,2.462525007405483,7.541202906967696,5.262157823641065,24.030508996138728
4.123420877060542,5.218557744004819,3.3803392657978213,5.280745996612602,6.262765815508142,5.568469027063283,4.694683860697356,5.650267945048625,6.547724278670701,6.773711921290955,93.82443164072421
2.674573569592624,7.978481179211302,6.67154016535142,5.892230275437697,7.665992708217042,6.597360282966012,8.123056926672373,8.874871758401767,7.406598532392643,6.636372742924346,124.17088554263172
3.6327764599844556,6.319452412730318,5.345924907834384,8.342763665539492,7.247706486129167,7.3160812539631355,6.906552668331445,0.89966688552727,3.6672316118229515,1.9729282687501044,265.58058976946245
12.345412582479936,9.116483803453473,7.636345901345082,6.326889971705551,6.785267859693081,6.21337342495093,7.1341860406309845,8.678656336307398,3.912099375670195,4.9357114577526024,243.96635066539494
8.338227455341555,8.976788625047861,4.903705493036561,7.956132223570423,8.090732655667603,6.629323557783754,3.234508614977101,6.370450232980505,9.986740052316552,9.642709706269226,140.72662671906755
6.8165597680568775,9.274988789268544,5.614144690120639,2.2185608054260086,3.359574202442054,3.3361375689610218,2.353336358754127,-0.03737247274048627,3.759956390095942,-0.6247482455239171,163.906221374608
1.0354778177031259,7.693189946430069,6.716692755002961,2.6262722407726318,2.154969446318265,5.135430951536833,5.951904973237322,5.687329029022872,4.722368726234659,3.7797322252215366,54.18891184089708
3.111834418979171,10.017208632609456,4.163331735241947,6.911030307181978,7.411085485699738,3.626002855782512,5.33724772460077,5.831022480529526,4.816061808478101,5.79380343310649,211.9717214396621
3.474532699471197,2.1225174232769497,5.5719850899629275,6.72675225613196,7.418517328650976,4.430222224174598,3.0374147624206045,2.127743571233699,4.697857795559154,5.415666627768954,135.7908082559603
0.5992243726424729,4.165817165567306,6.232704582161884,7.314104501193899,4.9708063005524465,4.235829445793436,6.167372327415226,4.919982469024681,3.628113014236259,5.396252274519645,146.58944038967326
4.979924276179983,8.722980291936727,6.488691168439281,3.6041180006029574,2.992330992915778,4.105126057051078,5.2175018947400735,3.259712611351065,4.253870238351046,0.5195951985123433,148.87319126578453
7.80346804501869,4.761519636456594,2.0477741050087803,6.0209802515304585,3.3987529568227,0.7314692420453701,-1.5568327864415172,1.5848993393641764,2.280416653028471,3.467335037504271,165.23112747686787
10.77959990856394,5.965950743760313,5.943287078987476,10.161885508234201,6.43090884991077,6.822297005390297,6.808290741635416,7.08059695384514,5.238565520772543,4.805487486464987,250.89741128668095
5.930769467115461,3.2286714563309347,2.3914565111903796,2.83715868842968,7.819996370296112,3.847782558142913,6.7509927872026,5.542832238575258,8.324942599339892,5.232031960829663,34.27318314332516
7.207182828626393,8.830510718894178,4.614642518359148,2.13294081026886,4.6483494904779965,7.257681858809034,7.636905663718097,6.823149935990299,6.651000433087562,4.8397984021271725,73.94735653946758
2.313667908534169,11.58667049533801,8.272051370214932,5.6893990295265295,1.3828198961625198,3.3845162087632894,3.3729828101707007,3.582118529614502,8.044148543847186,5.030251635618867,76.68853373649566
5.776985520670119,4.7854748272638155,4.677552728010459,7.362740336809199,8.687946901075295,9.48506574540598,5.757221340472257,4.384341876268172,7.23927331723362,7.195685008511644,149.81519253811882
-6.482380253738988,5.717162872813655,0.49579067057654846,6.341707542754594,4.644879970258113,6.988164473558227,4.9853532020076825,5.234134222104313,7.647154471271145,7.08714998937165,10.455722397274418
1.2162669513991835,7.481418559984923,0.6472904898647371,3.1160426127449545,2.6387282720784224,2.915817614076215,5.418684895918305,3.2960121671512574,3.399806408338719,5.368941244958166,71.92592191595692
2.811503197858323,7.371075869188898,5.41118600457272,2.8273930784617707,2.8562930555002612,6.529367993218822,5.8713770537907815,3.302737395203066,8.119710389965354,6.381203109636822,-20.08504682062927
6.186514666562082,7.211817204158708,3.5774251247107025,3.7206919215890757,3.1895525742520254,3.1195023360011724,3.7512251488676656,6.160332724442782,7.2836489641719115,5.933781158406453,45.356254111633724
-0.4617571519343526,6.105129612039223,6.773086954410969,5.469163697029342,4.907921574641151,6.4398379495937625,9.298689336017546,4.066697778184478,2.9211319984917035,2.3523274474598352,160.45140872568948
9.486637561096675,-2.9493918074863323,3.3411339940578775,3.179681464323543,7.472074995980654,6.9841199867188095,7.8181138686161376,3.886069886480131,2.827926403240327,3.5718658428111523,99.09957022340174
10.926866316160766,6.363375994183435,4.024046112909762,1.0544916653086078,2.5468604582625827,6.609733994321457,5.944858514966187,3.9287545028723616,1.2256235417601982,2.833696843618774,120.02526811748452
6.462680159532969,5.072808129821417,1.9157469075418434,4.676430734803578,4.483298370573219,5.192260927819241,6.257436162395258,6.444799039710988,9.250319887355502,8.110847725549412,9.83054154421362
2.9398298705083534,3.1946402692275884,0.8789072908764952,1.7974682199552392,6.148119109440845,1.639151318827981,4.353951767685489,2.9166418320869294,5.641547328070034,7.418519676519921,6.9501111884152404
3.770654194477058,5.413075135539939,10.065345787378583,5.11666254967599,2.9342032719242064,6.8004861924692435,2.4341850091725044,6.820324536745675,1.9009778299490847,2.9014579166527916,154.88048309574597
2.1170987914145107,1.772235412788302,4.170044817359418,4.897196386624031,5.179611587104297,4.1860230672040455,6.8962800362997525,7.445772982986831,7.194321832286338,2.6295373914183124,50.798541951704266
2.917075198775858,7.077440866151008,9.386927439877422,9.845921923959631,8.112622341850534,5.429963171850182,4.866840372260475,6.425281969102553,7.524909653108617,3.2010648541446036,229.80816366155653
-0.3913256702534875,1.682695462262584,1.0504918724652597,5.412977037501588,5.235412266509613,3.865054509485202,5.905372742658895,3.4645040906378006,3.9194689360941517,3.344959941524623,91.60132375091592
-1.2111691955200117,6.695300730076132,2.932273703082578,3.336312209384729,3.8617144102521332,5.592704401136541,2.647201612967609,1.2202188387566548,0.09190017532868122,1.6493695438227305,166.54672227776757
1.8840183702690814,10.383133440697717,1.3190980693881382,3.278362127670797,3.6442230598348275,4.366174853034343,7.543145334297094,6.91742224253051,5.742894796635603,6.490380467896963,78.48219910495521
4.783869935113085,10.132711910098156,7.232712585901497,7.256475983502526,4.877767773097082,7.7330448841131965,3.1334575121990107,4.078399990828726,5.459606509012285,9.060482077804513,155.8259133195338
-2.9450138085882287,5.570672833257818,4.142746869594981,8.323428280642515,2.2219530326190506,5.5951601055327655,2.7659362027092467,2.780493079189559,4.150893389467001,5.254292961260281,110.76005069323159
7.8437341166541135,4.976216187633148,6.172189814453473,3.9415722130093465,4.198006519991048,2.086751474226618,5.343334251811463,3.7815190750682395,5.509804724022764,4.538701476704992,88.34579043218294
-0.49549417298324094,9.039395067313968,13.270719001089947,7.2203867025719335,9.109785127858625,6.7465516422338405,5.623937163585184,2.169090024029642,2.9440251702773903,2.3157854659071155,270.5874921312689
5.657681945819056,3.076923131839327,4.9275182404961475,4.316872413393177,4.035150965606024,7.9189358686010785,7.086619605064703,1.9125953458279406,1.9275880199004027,3.7190849142907743,131.31320149996708
6.045009886447863,8.973329042214317,2.881558033776887,4.417150340002239,3.824945787955265,3.6489376404175036,5.420098186361932,7.843045650088104,8.266097844053258,6.44050984085213,61.011394273712504
5.07496735009307,6.599212966354636,4.244827803832036,6.1049983545183215,2.0027292587818013,6.05259520797924,4.4000705489424305,4.750617611990469,2.284325598010406,4.579352127906893,143.8340322050237
-2.051552701569652,13.446906071742344,9.661915125008877,7.821926766010175,3.926310545901307,7.403264584991547,3.293903788260436,4.257509833794557,3.044170963690547,0.3488255996208638,269.0350393505073
5.747245624154415,6.6277281821398555,2.9092605406151515,7.002033607361232,2.9035986191979153,3.1220194975286626,2.644485304039149,4.708490765592115,6.390861110939649,2.5390052031293213,137.67744961033853
0.8940313276413043,1.802750956231955,2.2979827498046297,3.3620535496019817,3.140647675477547,5.970198181035496,5.061400380122261,4.115317295470479,0.9420556509713638,0.2272290492973541,113.5725560530881
3.4462614528631477,6.2729308621464686,3.0403429149866463,6.729131034604072,1.696069370382328,2.982584264481247,0.8955210336451787,3.0614641839697194,4.012996416081858,4.776392068161975,114.50209577080479
7.301831463204412,1.9175303519276214,3.2951228430780555,3.9342149638754775,2.0494664800407363,4.445137408584728,5.7218958063545085,4.480917511643171,2.6592218601454047,7.673687243340042,42.753822579188025
8.21291957581067,10.173177509035996,6.213510054673656,7.639231290150876,11.500672058852938,8.613700712364647,9.869916506577486,2.5048963897551966,4.825781732957856,3.9065381425695125,321.9502937703948
18.383254264441753,0.20393336268280216,-2.1300220124504703,6.66630677188515,7.527571392743404,7.4005570936151,4.873029117765236,2.7977623283838438,5.618403866491715,3.946229936237449,184.60980182199316
1.790541230906432,2.9801964900791713,6.568572630610387,2.4308226543887006,5.711529266789857,4.274835364423016,4.150926985735472,5.074984528309806,3.5497879709040245,7.010558730078581,34.40368777247665
5.252722580282617,0.16200475377555357,4.48700894109145,5.103659441428061,5.650462660315778,3.235702464078826,2.283609364935329,0.7820679224614802,1.1958167304596947,6.056104693528691,127.6617308945332
3.7862882520018846,6.077564331442883,8.618267216751239,7.527518217448795,6.11492460066038,5.921926976695762,4.870402466888519,5.022740790455906,9.223366288855512,7.3265274017031015,92.10612237031775
3.974131699110785,6.72542281354097,6.057133666671717,3.6572289682150543,4.092288906384383,7.441478099623431,3.028649806977775,5.509017700879698,6.226646663673986,5.268722977413424,58.44003708073905
10.048598886148335,8.090159076124754,5.703778984522757,4.842126268863805,5.730802223732667,8.052350834024741,3.9976482449012525,5.073094992251131,9.260050054246392,7.496889198087986,71.5172710934915
10.207712680558721,6.392409848713603,5.6248746753803935,5.115708394210605,1.6644973824587717,5.283506762447586,3.896928302151724,2.781532854702522,6.412002314003539,4.346533181495148,89.9429050389064
6.218992647066104,11.423177631884815,4.4611547612884985,8.283694071406353,2.6552727562447793,4.500433984076099,3.247131734646716,6.909108794103615,11.057739685672985,8.627629242517783,72.43174432753045
6.8687228369000835,2.7228697020576598,7.948054394096625,6.550404553977133,6.010621049936085,4.7630082355418475,6.712676133544354,7.028432110186281,2.881601335632276,4.8301175702737424,170.91224295937
4.573195255096703,1.7820931967231117,1.4052435328899118,3.5464822439634127,5.100213372545038,6.1410217534111835,8.611987282985828,10.034979699835326,7.544138903446215,2.409616087152687,36.654145657350064
2.5388128067771705,3.4116867471287753,7.0208921132534154,4.528328410090052,3.550988845498302,6.592967294292998,3.856715901587392,4.807039073508736,3.104879919973341,1.7414765807663195,106.27454852209367
1.018016498273293,2.131414260687975,0.027747394523155222,6.331822249109024,6.002374021938715,5.313286858635246,7.046494563539336,7.2418875476410065,6.0173120349319404,2.2873033203110706,116.36827382987701
3.8484764766143855,6.316855697855307,8.480016898836816,0.8579950615317626,4.773971676021863,1.5770527178075069,4.941178242953439,6.038869710596895,3.54430692160342,6.848631604576401,40.80449213221235
4.917779704493709,0.2523688216910589,-0.2020089523085069,2.2305472595240508,0.8785306760400369,2.4874289519869155,3.647233523256041,5.309211880325986,5.767591491025836,4.587965559270145,-55.041885000048495
8.781158624869455,2.3986661726853344,4.2650150609318365,4.512884826574907,3.4976301106660443,5.490807438569199,6.680404108419988,3.9447205876795715,3.7975599053423164,2.8582374171897276,110.55393952474512
5.1068780616892715,5.277753888790551,6.04803952053695,1.0571543884409302,1.7518167755408482,2.7341902894631867,3.2473753781550596,4.109653092504485,2.7021927130786962,3.9935814394026874,41.699091830250914
4.935322550213931,3.806750316599733,6.800505216806456,0.9532209691871403,2.769755916607511,5.258238464326245,5.294935572222034,6.700467864727068,5.096113380448156,3.6344455063406853,-5.624041907860148
-1.132018754530943,2.61200570785719,1.983272111202612,0.8625945400200399,1.797237259515037,4.053598952811728,4.724803861020911,6.3762818255719,6.186249426758109,6.500430071072666,-88.77795010872282
3.761277888900885,7.544881074362702,6.409525517662665,-1.726837012600578,3.9847173798152307,5.024097176212921,6.314392311237236,5.244352175804612,4.353449305723478,4.928566384852652,-0.2937879600481944
8.495478266428316,10.434796826177992,12.644351104720451,3.66027749771205,4.528205698677738,4.359976910669626,5.631747292542585,7.552118172419632,5.910166831854447,3.2742792292473126,150.47833656742793
5.561629070303741,3.7210650253953794,3.085758254982224,4.492989376671384,5.532380296384782,6.1476803717091455,5.093019437650008,5.32341714581571,1.1765303943584096,3.1131171222467406,179.92943116091922
7.518537298251877,-0.9888023660710417,1.5658027523654958,2.035697700048677,6.55899795984363,9.403902891206254,6.894569871220487,3.5531752848209894,5.185104763514116,1.6853239739019323,49.735366600156866
1.1870242804028721,8.231782137970168,4.361678936919022,6.1064472689107845,6.364864668631157,1.5202878743685595,3.180466213288033,1.4431796546182944,2.6163727788905202,0.8615329010130193,242.11617447955496
1.9125440441372334,8.297897520602517,7.322864574775011,5.505366025689431,2.935618107895737,3.23883772584368,3.1995499895904533,1.6710369197848345,1.2358173405843011,6.509605465294828,153.05766660101352
9.396409640707883,8.063390436954775,4.977681348910485,0.10772155069534595,3.8496280843129425,3.088618661273804,5.345442125576308,2.6881488963885354,3.793669016850864,3.5962632393833633,88.92113762570116
-0.8923131261709409,5.511357812652459,2.0943110592826777,3.9139821302576996,1.0494116168485603,1.9757290044884894,4.206377331427112,3.8914568927962883,8.130061044906963,8.487860646846807,-80.8407555830326
3.6801351478290596,-1.113604025338769,5.9304125118758675,6.4424043562833315,2.933867556894385,3.080099574400295,4.418119199568181,8.022994587785393,4.422512010813525,1.9648437260466975,80.28472363479563
4.076861496210481,3.1906187461718685,4.250703397589617,3.8977496204964397,5.0466502829528315,3.4173461879268805,3.9417811693673572,0.7836186521683146,5.027536218163387,3.4980584197915463,77.13135466149734
3.0356430131502354,0.467715139959342,3.889823220385246,3.9978119072816485,4.505261803283756,4.802472067703797,6.453767564363477,2.087128552891042,2.687702345241854,2.8922075150265925,89.16612880620268
4.260059600937117,4.596054786026276,1.5224090491719489,0.47252196752347597,-2.3070670493987455,1.13701706973362,6.673375518116961,6.4833836605826525,7.735014165105155,4.089720935889401,-111.87545552652175
5.039038104298474,6.146528806472158,6.856860497244474,8.846192385750212,8.52737386729714,5.814792215193489,3.443482427539651,5.928226323098073,6.62760173657945,3.4580141822820387,222.4399090860355
-0.6266775715032429,4.6053613222754795,5.830191629651855,5.514244932653739,7.231642837127257,4.662194432962127,3.903564648951866,5.390306452676576,6.03404245796862,6.519377221850773,81.95484516304437
1.108099644039259,7.177804386160849,5.812709429540967,4.243248759179649,4.160614254446541,7.294183684283143,-0.20823885817786625,2.40121779599136,1.6449589232840278,5.106275907046701,138.81445564737783
9.427415643540373,1.5939157140623927,-4.898876704399267,4.3556480404082905,4.336811714317604,4.00289109021816,5.009163525512987,3.20370500632309,6.874710436903641,3.516271295509687,53.61076035380686
1.419188544209458,4.1661381195356135,5.795002398352206,5.912863207032457,5.575742468165684,6.340038301989715,6.50744606886816,5.652933559614394,8.413301070834528,3.77832654839043,69.28597785949458
10.446603565384027,3.0849924347785813,6.424660993776114,7.870050439177682,7.9885033718550895,7.863724432113658,4.384162727727141,4.846871822009348,6.498856086568626,0.9357193503009835,220.12459756390246
0.36232229417179074,1.1890092657812783,2.0408328661929236,6.7906219517353135,8.64428776210033,2.5909128258500993,4.001032309390842,4.506785543399335,5.74631488634389,3.6176875339753094,117.23741073019968
3.0544934853047305,8.121502320139651,10.007822092291544,6.583679901657142,7.234734800664381,2.892339089938581,5.866380140273377,9.024895219785853,2.4527465973499334,4.246605557840844,234.79593989775853
5.986365763257282,2.0677984397829885,3.9072003961471715,2.8966734746721796,2.0517641724720748,2.9658276007069873,1.4196412036910524,-0.7575254689035447,3.3480269202217436,4.629509847094792,30.696748762106495
5.771754736259999,3.1442346289774266,4.654783769337932,8.897668584738703,5.662348779736733,6.1509392516590236,6.720031592921075,5.639803891731457,4.7991695108667045,5.553952872688646,163.98522629188022
5.035601410132957,5.620073854134485,4.262000380267723,3.666239488614137,8.026851478616901,7.8968392643472525,8.789798527284335,10.769170796161578,8.596983043468834,6.268229989365107,52.09961352038449
0.6886259297332389,6.181554020865588,7.784618590131261,4.6101495640924135,9.5445064878485,6.6577901480378365,6.167582229280072,3.011038478386782,2.5594909948443574,4.120652896095818,200.1939401067938
5.200133519358673,1.7828041187071988,1.239704633111657,3.608155002223625,5.356897043808907,6.323852942881249,4.691746458338711,6.526206252784201,5.728093149847051,5.685769780275699,43.87209298006852
7.458713239060604,11.682383199203215,14.024061751122883,8.314424265523463,7.459533759079434,1.166714357480609,5.815268849716203,6.0832385696325115,9.191826131287069,6.203428022094574,200.92594252214946
7.072095732258747,-0.36596995110600705,4.738429810519743,3.41580204853003,5.629547448539851,3.333415472660771,6.64706943724692,4.226425153936934,5.794866304725598,3.399382361662827,42.90952361643464
5.080875386072024,10.468090531245338,4.581451703099814,9.334757017001712,7.428094239750687,7.227441765086201,0.6375078217599244,2.461065944118169,5.523344743959195,7.424505419779214,244.48104886667213
3.288437122327526,10.528092836463571,4.4327388304776605,5.774416694348327,7.955563874835793,7.601163566989914,5.6066977515043295,1.3509338847429255,3.7859637367187005,2.560424840674363,248.57397427975997
2.267862747813677,6.458458043659636,6.421747902989056,5.247428130852845,4.361612190627265,4.118471550856194,9.187709586410168,5.654611253981443,6.239629716220769,8.304409539071013,50.14583994485562
5.875218115229766,1.379912406901905,3.7170835283319823,3.84771141558433,2.015789657448869,4.393048871010251,3.8390922207954716,1.7432590799385426,8.909570462597848,5.898611512579026,-61.700711797736396
2.6358484579783297,3.8558520043633724,4.520361705533744,3.317195012799224,5.771215600959467,5.2871798681724105,4.290075450294855,3.804230970187714,6.094664800952972,2.31416547716589,64.5202686428756
-0.2514224864888197,1.7770542821984106,2.8280636421495156,4.889317689284677,6.288648077911811,10.474429172935217,9.833037410527094,6.580774715743131,5.32738002267287,5.803710285700735,51.8799880725777
6.035575448664606,5.869249353672042,3.3266468492106105,6.4989339002426485,7.378006298502337,5.545880279548243,8.825311814722458,4.464853389972129,4.546486330763678,1.175965867787498,225.65340694320707
3.477596370279669,3.227728951397052,4.806393267770412,5.800163598084105,6.330914354781463,5.002652354059489,4.979908268320795,5.236092676021435,7.303291902461144,8.986523963875383,38.98643484557786
2.116862696708826,5.456284562355868,4.590659479178828,7.33130550091707,7.024732480737862,7.030920534123739,2.8476954206611955,0.8634893068265086,1.8826039820811324,6.194407933608657,205.33206753189575
3.4075422840132212,6.321627988614489,2.9036679177656697,2.4891544537894035,4.625079102068004,0.9239413532631877,5.36390104411357,4.706290611583216,6.167685547232371,3.868595485676737,49.45352257269944
0.5405923364374141,2.106245379816596,3.9425488059747416,5.550922606845323,5.519908565696418,5.707486259959875,8.691550138837076,8.767413988592443,8.884881926756972,7.996626555959618,-12.696441988174618
2.2914700541159947,6.20622621919214,5.6486114325442465,5.061957097312391,4.105341236084517,4.6021933145435225,2.640053174416259,1.7015820187382795,7.7178773385957555,6.6715504863798465,30.17935986589117
5.691689218663479,5.634025223648182,7.268099584119696,4.418910027590771,2.1232094233989707,8.344941515494982,7.168127823884065,4.643244010869027,3.774178705638448,3.2190628926225164,109.90639206520923
5.190345071545136,6.238741222915898,5.311596970859452,5.7372673592378485,3.4772748145829926,3.312665216045562,3.86717925420521,5.370068330766505,8.74699465856075,5.899254350613999,40.68383476908931
17.918624785344306,3.711742396244129,3.702195736691218,7.333867277527391,7.346297297998386,7.88400148317674,6.384212262346578,0.7454010308846177,4.987936586790068,4.128455436543703,232.6684616666371
-1.3872684764692247,-0.7340742092575177,4.072384336996941,7.46740080960603,4.764590768601233,4.379715799426159,4.136269392113001,4.910609865707978,4.152969368634326,0.526363091484721,115.71269322279161
6.095496942421583,-0.37154187850268716,4.800089958727493,1.5068211612772675,3.2211441999364028,3.2343062892472267,5.426589329520675,6.584758089373714,5.003373602095597,5.5443390204071825,-36.43267038223675
11.36654272237452,5.156647003674517,6.747989594776576,4.195308243278395,2.681150372376205,7.736425563266856,8.02494504917155,8.311339983931637,7.645421486379991,5.45462816705756,50.7912301509798
13.242012082003196,7.047927365963538,5.913617647265177,4.710097033560429,2.3862146096208265,5.08795764482146,6.673512775090745,5.9189326100011135,4.795509685335765,5.721776394511259,124.5098867499369
-2.9534249359495597,-1.6825079972465913,9.318784250019164,5.458256898766508,6.894945882087088,5.581544163024495,4.08004987684948,6.15234496688335,6.452487295884511,2.887730295667026,41.58861658483554
6.533103799794599,7.74112980301296,7.6023122602319,1.3221557523118772,2.0779829274709174,2.690012073370274,3.466579343637138,3.7746626739156888,1.7814417996557332,6.580130158519635,73.72502504544114
5.768106526288579,4.232549906173879,5.100742669674156,3.8148918296555427,7.512203167987815,5.798100038881864,5.908099967121295,2.8505704306617603,5.088819708829595,5.1344219824562645,106.0131948867929
1.7236641313552972,4.9038715080908055,5.521498557138768,3.4688702209475832,4.2056955573186725,3.438067607870643,3.0880055664906223,2.840966436765028,4.086294145715061,6.590655914122511,50.4315255385861
4.4060018929538,8.400086835693354,8.054426123856972,9.11074085427042,4.660266537224292,6.741165292768824,7.727363874052582,7.801753807300791,6.042736673640133,3.8695959050235507,201.3027795133123
9.25181696685814,2.1676328980874913,0.09346631220683843,3.008439007956266,2.0524755867836406,4.696303501584282,6.928174968765231,8.086855547789687,6.824836378059974,3.7264842245769323,13.430926059514103
6.145643785787648,2.9147971134626105,4.62162400308899,3.5695018207985614,6.293958818715227,4.051692499210772,5.157511592517535,4.046819113280479,1.6059563791356637,-2.1109268532264984,201.08663430226235
9.627138375528483,8.993819981651233,2.295253131368708,3.1520879128013064,7.126381640600725,6.654771380383931,4.413954964040204,6.639753136357216,4.672100254713447,6.59974589958093,155.19300001643265
2.3069259868455907,-1.6270640872993756,2.016132874706389,2.395681196512412,6.016574401351448,6.146169399592777,5.658283711604717,5.020911076776821,5.426077243910002,5.854437056896542,-15.799851940797168
2.717639043977815,3.6739978719832687,5.238633091407939,4.241290711851957,6.245167530748825,4.194135018793425,7.285606005599506,4.2846544969559055,6.264280167316591,4.770463081679615,77.5344754280115
1.2617534201571252,7.030548924177498,6.085219737242056,3.2044184104577074,4.1501314323824525,5.570128761986627,1.7602440067669263,3.9644679308895983,2.8641589929291427,6.566943788782106,83.08003401727831
-1.304252190050403,-2.0352965644923735,4.062541182936459,1.4742994009358354,1.0862511051143806,0.933637988207952,1.737292717189411,4.2439273844281535,4.319598323774826,7.106666629411602,-113.02369755193968
14.312038162887182,5.798127356178561,3.903975716074149,0.7623371835134956,2.425732531480922,10.378323252478047,9.506269841325569,4.145944784836993,4.7125261134643,4.7937879265972745,63.17617873345445
10.774137747303765,6.418669281800722,2.4482456424177035,3.0638058629203426,3.6499124565363563,6.679772585375874,9.96510714570347,5.6276946227603535,3.50219792212986,0.7790065333609606,156.62918063346802
3.344967901561839,5.872401322435127,4.960742502655565,6.322852896344109,4.572928480841285,5.1749167744754,6.5555501206209605,4.272555850193952,3.8560786471847432,3.5138437979400203,153.30658680867194
14.048712270893752,1.9304375894027856,4.206465598011753,2.4764711441298015,8.288996395771296,4.860342712867407,6.988938848336155,0.003542985842839741,7.364280362180805,7.715793616140312,40.128939249804205
5.150858340982692,6.442725515989783,3.7897572098380943,3.4439297515926794,3.0153900653441275,5.434187013016062,3.9180622541557444,4.206627629194379,5.403286261702362,4.460750473913958,70.13376152100865
0.11296754282539911,11.910610423313994,9.626890432591898,8.318634071760089,7.659365620552279,5.264000785249477,5.174582419817526,5.91112787936664,6.7674765785986715,2.8900043654697254,233.18156047762943
8.32697998188609,10.45702786833783,4.810417960593079,5.990929674115032,6.780846495572291,6.8608536181584565,6.400758623932192,7.160488567368874,7.629101138751017,4.8617722311964044,175.46659976819524
1.574374860261166,5.639387975788345,1.6079882383406887,3.7992081295984494,3.151685939746015,3.0460012770447893,2.072626732801756,3.970955138043478,2.901107215708495,6.132126997577933,76.82278055629462
8.24501386054812,2.67263210937432,7.892487995970553,7.776633752142006,4.608808307443082,5.845915364781575,4.323050826963905,5.351790246682051,7.126708796102696,7.61443256144954,87.30598598681287
11.908885928161737,6.629791506518529,6.192606017392116,7.687348936681348,6.148669477303006,8.118112203130552,7.488277747609658,7.196851498847103,1.5127784847370211,5.473242686097805,273.668913980806
4.958868659152211,1.485520382970127,8.689307047790784,8.942788991827651,6.28495784115055,-0.8441699486243079,0.5889092827577125,1.874236366036396,5.521660558811029,3.9967519350470644,165.9212225123972
0.6176520096134421,9.57197799048498,0.9052225621512067,7.191376887674066,7.732518886850398,5.017795888222167,3.8473335245826137,4.774154872851771,3.3790430839860273,7.67554509502394,215.51520495155728
7.960123544381666,5.67922803174175,5.641557065441784,6.471425864294744,6.595360943304714,5.609301373556958,4.049768129593675,5.381793544505346,6.886994386549921,7.458352526529554,116.81423759450453
1.0020331577536141,3.385715603307058,9.059193141777747,5.91842456191515,6.3856902911327325,5.036497087255777,6.598051917219359,5.323606453430546,7.087790912863255,5.875266246374508,63.43559845081522
0.9700286126625883,4.796949595864727,6.607439138005836,3.056826370592278,3.072573552232279,6.801773781127443,6.71904229689364,1.9782438391160833,3.531679063508449,6.020006601741487,35.83475189303103
1.577759629197013,1.1446724572975548,3.322449108363191,3.2537868815302966,4.4557864307881765,1.7179152870964791,4.396301679117504,4.627099675068842,6.143037154523238,4.352854579181491,6.808256546855892
6.181420972798621,-2.0674620392717227,7.491429538057178,5.486995394535967,6.7295737824748905,8.980521818690127,6.286793557291133,5.073069415779472,4.8409473745027185,2.7514978644086487,104.35716004820476
3.7605195021724747,4.277857090574628,3.7393466528138024,5.101280297082924,5.239736453847749,7.117363380020451,2.41718033521299,4.907545782657385,2.260909026450622,1.2397249969159212,183.31433280069808
2.819086206160538,6.445589985589788,5.74035048766965,5.35027411390641,6.7976501715905915,5.958061217175417,4.509675295872546,5.289179570215442,9.416108133047734,10.039960816104905,27.447221158526688
7.365956905726485,5.250121561032477,6.068538864665487,3.9900455776111814,6.977295186647274,7.497419972078469,3.309549333195199,6.890258011154483,2.2480716001153414,2.614771839866644,189.61534293601093
-5.047575499410057,0.8450636880177242,2.690152357099655,2.955839606519772,5.004832847618936,5.279719827663459,5.417549546779171,1.795652221037555,5.4973415830301935,5.697378095214489,-23.20305103594294
2.7612796648416764,5.844440101587328,5.779581443585006,2.6070604191130413,6.105172421949867,1.1897122202734667,4.278546093617357,5.44262496386497,5.2532331710355535,4.335880587953295,85.74877580318794
4.236476056509803,5.534751843754532,4.023044900880446,4.276979694988684,6.11320046108527,4.8612408895558135,3.8940761371298667,4.388177495916173,2.8053908888321497,9.327670172019836,106.91446824026234
6.926128086219371,0.30425303234667656,4.883193828906428,3.7195702206314216,1.2061940367218411,2.9401382322401117,4.4500853914512195,3.7613129336863818,5.609376588170445,6.262180663442889,-16.349111068714762
9.607397196788657,8.742299350914468,4.183760775207912,1.7801365866971506,1.2581599314644922,6.22876205724721,5.575768986383518,6.238001979425504,3.310232191265241,4.068328185235483,84.62312466269267
0.7401366017943838,3.796545920210036,3.8159476114145487,6.163362866396107,5.638025274084265,5.573530551452638,5.5265145691563475,1.6732970555792495,5.8944505932534925,10.410589630748953,36.430398140655484
5.4834629830346024,5.866743375635984,7.10812846348027,4.74860371325547,4.710514382198036,4.4876519360547285,2.0713331652761475,4.701530737162276,8.53781020930674,11.44777674403545,-13.94581645951025
12.00578361858744,6.175547873325147,6.916151341587444,5.095528508644159,4.358114120369235,3.5518324730175914,1.565497922623782,1.6266018843962926,1.2633534871208942,0.34428978444043157,253.89569070641966
-2.9579009544601798,2.165437372323845,5.407330750313497,8.11852166111738,6.829450718252099,3.4488519504513917,2.292431138338637,3.4226786983835735,4.4802055175965165,3.05920465400411,148.08814406046537
10.805452173273355,4.847668587975734,5.483720681438805,6.096337105450377,3.316980607543408,3.1577982088307777,4.879882816617765,1.4040643692774482,3.0859596161102574,5.699732201800521,158.71954375643966
6.042665580069061,7.253971749599181,5.532177892902352,7.621987144712616,6.341614535456246,5.287638349367606,-0.07092338446864144,5.107177704007134,5.948869588713655,4.381708741272168,198.76391706618236
9.039741158475401,1.6508416501647618,3.830773970124376,4.935441137614616,4.325692599114641,6.543953007418978,4.8242732414663845,8.367193785324172,9.076285107409356,9.28274421586261,-21.057058723543616
4.577618839764522,5.488267918576972,3.788401682388373,4.11021839662502,3.591409360489627,7.070172525223969,2.130506213294653,0.6304562908750571,-1.259233027539941,1.2209550314388404,214.84983479360972
7.089044785344106,-0.9864531954184121,3.3006513330708813,3.700805750189587,6.083935469175875,5.128963465394613,2.0772859745766348,8.701719370778246,7.771168856827936,6.066709449756822,-11.783152207532487
3.1462149499407768,4.911130095626967,3.8573730331436327,3.1636805083037762,6.669923594726777,5.871332584819897,2.757816669557886,0.42109608756300076,1.3022883481218033,4.81274194651914,142.97727965091622
3.357354859355761,3.419249040121617,7.742431987989129,7.377271354455031,3.3492449804096944,5.419501803309226,5.8893950215810005,7.411767702880885,6.2663949288299685,5.469962592150545,88.92064642571748
12.013002601615334,7.9503085678973395,7.838662913513911,7.920027705330972,5.6720734981971495,5.567851619193423,1.4369142081383615,2.688451746122149,4.392010149068062,2.776208761814664,267.3268769949634
-1.7871790571761776,-0.27654701346916966,3.1037425480339134,5.243503541569502,6.808150977880964,1.6221277522934847,4.896277667397659,3.021259429436003,4.5034582552486055,5.229490466566009,58.74054846588603
-0.21259294441634413,8.925869107276487,-0.9202180503098516,7.724702609619455,7.428795194592074,9.062885114709463,5.280304602786963,3.8259797644528035,5.936792353776877,6.2268225026346435,176.083347548624
7.534585654911556,3.1060696761077518,0.07738452337757362,2.9406838607650134,3.335807746203667,2.8406479792729784,3.3618557207683537,6.050947797849311,3.52078695461377,4.654884500273651,57.50423158472126
3.1833692596254184,5.749324636976778,2.6227532646733036,2.2367169200756645,1.1973851193098843,4.272133787475141,3.910967348627495,3.7305415377321625,6.224945843909985,7.952029913830991,-48.27742146061243
6.737363261877529,4.180871939466406,2.614172100447578,6.029213647077496,7.575425592588088,7.235317633348508,7.677886958186142,7.178363246072649,5.564398029769463,5.304795082512744,157.80464440771428
2.297400793844594,1.4984553201643895,6.310566700520011,7.067363178132075,4.691489989194495,3.2025519518910595,1.8388077065673616,2.8528277310257697,4.256754998040488,8.539831979152282,66.34512880590256
0.7337636504149962,3.056283476333256,2.9493196046024908,3.053640217148886,6.82306149518635,6.7831475442076705,2.8185076391241286,3.1512523950684224,1.961137919171473,1.6172435536217513,139.7917255794882
8.873648644919667,8.31732098198254,6.21488081561317,6.846460616200598,6.002252592266946,9.543317220566536,4.105249270780963,8.563845051806648,8.67476486632258,10.064476146250758,101.6175583970775
5.167985556582863,8.685019986364043,2.7479547192242846,5.412632261991505,5.07770395275835,7.594070134784117,3.885985465728905,5.318248568774132,3.9932016073711436,6.487564838220727,148.75334497698404
8.467485923351632,8.007181029761245,8.147699924560225,6.680873604744914,3.2675808403997335,6.553719633630846,5.691908046550815,4.721092595600014,4.507172744668906,4.423620524642713,176.3609285586469
12.94816312907955,5.464182317597109,9.521745858982165,6.112911886809812,5.850821777937797,8.710946501630298,8.635443038467397,7.897864053295285,4.774469562385133,5.453516422932212,183.99512665874352
8.448378086619527,6.374631407008663,1.570531159235241,3.7757298674834776,7.6585323924989215,6.737923078874874,7.959176073521627,3.324884243423311,3.367310298814961,6.34907016957754,161.678096008536
2.942577383841688,-0.6047598497711784,-0.0746612581041548,4.228738094497322,6.5034069143250415,5.177139207891241,7.29163194847094,5.650282906238828,3.5835995830552783,3.9987511501216964,95.42763552618989
1.393881154007492,-0.27937189305349186,3.5833685383925715,6.053339129275256,3.7722778821090275,2.3980519293967704,3.9884307255288345,4.242432729185643,6.068414863493277,7.063980937431963,-2.658122500334107
1.802744906287308,6.689295366475757,6.51371488057691,5.156522450258708,7.7531956084259726,4.2402384583596735,6.637219631344143,5.96360927930932,4.151291994839433,4.662254740825627,170.94469974141512
-1.4635017894744013,-0.7130957632168702,1.3129822271926144,2.9328850681116125,4.6218358676976035,4.192935410568273,4.890038657041166,7.958490231435486,6.888693356864298,7.175489259639146,-73.8306249665419
8.60580907168479,7.7793647048376044,4.782046006591921,6.939311815058799,7.618366818667821,7.77156101525901,5.473388903378627,2.7210606900053658,4.4862745958381,5.668674734538585,227.25742637898327
5.248471138464067,3.366672952855552,2.653695785694626,4.786945187576851,5.945088399770098,5.970447838725747,4.814704575504522,1.5596029313978024,1.7668313921641294,4.2818218152095096,162.3530441229399
2.3660042469610287,-3.3011488401107645,0.2523534012994295,1.7134985195471448,7.2290229474472785,5.897336021102316,3.799193125439663,3.0025140339850855,5.3599804915650635,3.233487161383213,-10.22508180930322
8.49294450491628,3.032722104307505,3.37617839616178,3.7357909659684045,4.51333339350416,0.291838879596499,0.8190790412888083,0.9424366836863411,0.15125517780295095,5.106213530924602,152.25847733599647
4.543468594406281,6.777436806813714,6.074986755673639,6.185013239064059,3.9353174817079832,4.5559996490928025,4.988103763252353,5.907028971808549,8.439527193310507,9.526210030427976,22.351270537806577
3.4542387909869365,0.007982000872697625,4.237849492852974,6.058110408297683,6.772946352695622,0.5596883674091995,3.7255530708907196,7.624197788140197,6.488817746113951,1.7203453391745374,105.85420587642957
3.189615044764456,3.559498742494532,3.850545235955492,5.675976316560629,3.444398936738065,4.76114659483146,2.5569578703209426,5.728695730436334,1.6555106142698324,5.866263843157755,124.43813316156395
6.2920302841696945,-0.6687875089652904,-2.1279934388838617,2.725286427490382,2.48259889444316,1.5884502647727676,5.774936911397702,1.8489568727778516,2.516849357579699,4.030940733318693,35.191774185492065
2.2847048026059618,5.693584586786988,7.542235451054207,6.683823949170448,7.733965883034259,4.371602999839645,3.519918703844784,4.696612583641342,5.0575496374743185,2.223357202616649,201.0231412733872
7.243532575216475,10.09768483475863,4.4447775494100314,5.387719175119204,5.047463875786472,11.48501589248468,7.9656775560231985,3.1654918810273713,3.9664071071065443,3.914074400879166,205.05467882888647
10.039817801576675,12.704677613091924,11.429773250885649,5.1634592080532355,4.748545691053593,5.4642503317222,2.7807683521648734,0.5924429156274114,3.9689800502200105,7.73523132110476,196.54200928884566
9.735503916737994,3.9659879431111653,7.047201028799494,4.416027047246488,5.164149192121684,4.76176589495623,7.319776236336685,5.236166894888719,6.77486432802262,7.40904485880887,53.62545808992623
3.8060768609811872,9.899811138683456,4.238868726078073,6.014359866240882,5.463493149593336,8.445457857586785,9.008633710751802,5.969558843716946,6.328288505562198,-0.839288709038887,208.10212590842661
3.3145606322169003,6.241653583183332,3.5160042597632053,0.4812109482786333,3.191527523559992,5.688068939435632,5.884832856616983,6.3574156800464126,4.6928688136432095,5.512663234200609,10.270531617066421
-0.8838477608253665,4.935744670317072,6.646434098393232,3.6029406933336716,3.3215714550437605,4.989618261424181,9.315014790475653,5.778122709377414,3.531137249627919,2.9560361942495685,83.4524338423887
14.111643584071805,2.1517997836816933,6.783649769173678,7.009988363264572,3.2402572348598353,8.306487017591573,4.646372347145362,4.692589249505181,3.524720726524895,5.8520009047133374,149.68177731608293
1.367414953125389,7.3573503836044765,5.3708071586523065,5.944860372898318,5.763596409626221,8.329586526018456,5.9964258650237285,3.7367932354149302,6.055043456994,5.542792608718283,120.03867945797873
2.1682861692154223,4.7697945586204265,2.288303250820718,2.672617183689745,2.7974691649955306,1.7788120798402378,5.284290021854112,7.320906151114402,6.768495577667736,3.4604643361574814,2.765611153508421
3.860355915855529,6.46303159620329,0.4439739669211944,2.7500273325935805,6.13620672669457,5.8867331546246655,4.395254554714151,4.124184275153118,5.209937848067808,3.4514339619994345,107.52841778163908
-2.754953021780204,0.4414301068470916,7.281310529649634,6.281168864444136,4.255356664029509,7.325728771583256,5.1134611945155175,6.510321297869979,5.353973591366665,5.8560647693237105,31.23884931234955
9.74876609196069,4.1599249436301875,3.1986700404393806,1.5804637582932868,2.946826675226666,2.7123439147354538,2.953441659411478,2.2796739076539385,6.580492514907968,7.444748626435018,-9.331129953483137
9.528274601119215,7.436560852783398,8.22179105619766,7.8823749254315505,3.8022559055380505,6.3728093291266985,5.501235248454536,5.310861911289839,2.621974225534039,1.467306403101479,258.9965510770595
8.496995625562015,2.2761788292370904,8.240988186929577,5.451210564704832,2.142550993858588,3.7458274068585067,4.3221753423511275,6.603645418092339,2.951715417773393,3.6376224015565546,112.4017423999822
1.7963235761039442,5.840375234613103,3.4968132858518324,6.42205910672318,2.7882367676579594,6.490085451159024,5.333692181556976,6.562779952379222,5.5639574036780415,6.22563458116715,79.30207653098806
9.429542198132811,6.8793765612332285,3.273335540223556,8.45447960346704,4.357655191371732,7.243400724261635,3.540797945825335,4.576877431321056,5.465952718899783,5.305814316006838,195.1455268691076
3.3355252871666234,6.596059255686255,1.7986294684886097,2.6976413410737163,1.3312284970137553,2.840948885288896,0.02942402864669802,1.3825895913815032,4.994811207975021,4.309464697683947,30.970849030580865
9.700419611714924,0.9553551212291529,5.550752361208159,2.793346701417599,4.252246583196871,3.4202833496659704,5.03227685513096,4.070388878799104,2.825102531983607,-0.737048281979976,125.32558736823951
-3.987605219080578,6.982097954851925,0.3918987079255256,2.9276828303454168,6.264593897556487,5.550683747591238,8.398572807375714,8.52092085767879,7.863982405810611,3.888220559795484,33.72226087008436
0.6629297139825541,1.347915893789502,0.26760263811612894,2.5301851067131675,2.490529072986056,5.804813360532839,6.728956599534159,1.3661367151871362,1.9860677481676232,1.1473354762896877,63.34088201655474
3.50103274781842,1.7240357415957681,7.447485699870339,6.206284718695116,2.375158253027384,2.136916787072891,2.6208310883676322,6.102781311090578,6.33937818152657,8.208195925608697,-0.6020417783962513
-1.4895728409637714,-1.100462455650967,2.2492907337956436,2.616871463332319,3.3507110867518364,5.474243695708087,3.4558162231517233,6.358281335244897,5.018878407115014,4.144341669677454,-32.70965635035733
1.5307314307882494,7.020045263734369,5.413187643403484,6.09944379357097,7.285785765967961,5.093635702953209,3.4751635759163975,3.017301159824825,3.5917122505005192,4.147430595124157,199.09314139722846
5.706807160168282,3.9847693856758037,8.328350631850487,7.3760205700906205,7.0836906189083315,7.138300519078577,5.1013946822404606,4.184837810935965,3.933132184480768,3.9768251138426596,200.3324087916038
1.2008237257409173,2.107198471546284,7.358382857292286,6.465525367123483,6.664221221485416,8.689577405843252,5.997270955489597,6.942861314122794,4.396584296887756,6.095677461902474,110.43961081900163
2.2687023046564563,3.52915308060828,6.75019655612552,7.322774581474079,4.86837280691267,7.4390201554456565,5.04720881255236,7.272074335206581,3.459503922181348,3.5998110640476364,163.86035970377063
6.115652307588241,-2.728072861245842,3.2746193469232514,2.4192754572494133,1.0470226237874298,2.728835184022815,5.009198088197563,4.03897325202904,1.241985403712147,2.5262390260746037,17.503998151499523
4.617268376095,10.33300876193368,2.7858138108668458,5.807223051190361,6.52045920580463,3.202694811197027,4.811957114947558,2.7255042429856093,0.4421318353760748,2.7502503115079238,288.88082078887385
7.199288179242247,1.947308292898545,1.7261057083892046,8.320029955892045,6.787199951034726,4.747569878403234,3.841532682219583,2.754537837211616,3.7449324446707126,4.684133816462842,185.42502518731592
11.54580237539157,9.842044129619218,7.384438255539823,9.063188599032802,4.698206747305322,0.929751376647344,5.607635095737291,1.679413691680705,5.099031173164964,1.930445734290362,289.93169259924275
2.3604464740077087,8.190772837124827,9.789126103532135,6.315869606058454,5.917286358442175,5.593299100931291,4.015399080438689,4.071085512340608,0.49780718150857606,2.4423175511236517,253.40427216009635
8.197288823957534,3.5538058632050724,2.550320141494305,3.140317596373132,3.477288941580361,7.032240207764168,8.717781242180994,5.731370754125556,4.894005842208653,5.193411806958955,60.765284583543156
7.824111214086695,4.14711721853487,4.035546338255818,3.513966459246387,2.6644498748283554,7.769617867133612,6.824003600800658,6.36179664618634,6.4712196509216335,6.506123969329506,13.88051607857587
8.765967855497678,0.8902442429807804,5.696653320591064,4.406320097728093,5.641063940145042,8.12980436451458,8.72302386802059,7.75976934828631,5.339000009421121,6.301201342138197,62.31685580531968
13.51781222198181,8.884335417811998,13.934815277707706,7.434964879507145,7.653330635176005,4.17021766102865,5.382051679186024,6.024835474322561,9.94579200330162,8.090028542941349,151.5376001710203
2.658763356160309,12.648509118226118,4.494061142058216,6.104636884044446,10.827336597796792,7.466756692389769,3.3535814802277946,-0.23263434364015367,5.9517046297342695,9.435501820980996,208.57008996582425
5.077240315282908,4.375742117003792,7.025720071920539,6.479108975893919,4.641267265137232,6.72769994459952,2.895782462452766,5.87120712924876,7.403355159942532,8.347188114625204,60.446772721388584
7.703157860677752,6.068493303255215,1.1337315376429786,4.294232130893175,5.574085441193159,6.994080832221993,5.040731004136298,4.066912914628973,8.040422760107537,6.882069604048805,45.006203119010436
8.771466340931868,3.776045652904486,3.6723597263546592,5.19931763938883,3.372603418971835,5.374259874066196,6.006304052662504,3.018972052212235,5.766372245529109,5.235483300875754,87.05906106877651
0.9117266245801092,6.765110548169526,2.011480958525311,3.4260242997552726,7.247057371283005,7.3831414974453775,4.847015000259286,7.3940401102700655,6.260062365438988,7.662307644923654,61.76539698879973
0.11645898533229193,5.438407317461828,6.2184324523574315,6.069141627410029,2.8846926566566364,5.100596085087518,4.4436305095434125,7.951262429836994,-0.03505762340332552,4.656503696231823,160.60542296771197
-0.01466472657902429,4.316541180943043,0.9699502707541878,5.794656689716707,2.966115513684712,0.7365300122855647,2.896817437039023,4.630352043381569,6.418408027565112,8.945893326403414,-0.3097066489741209
8.47273442970464,6.243220448432709,5.418891421080804,5.515295556210982,7.716187580758852,8.690045490642639,5.150049251583812,7.025863702341889,3.5850533284380575,2.160282653327189,239.75663659772889
13.43229360354137,8.705903037528497,2.2958285803171408,5.35287609323646,2.7046540488132647,5.9114944309208965,7.527784261226071,9.597560658275004,8.357378681788754,6.558589526360696,85.07306301080703
4.47524145383818,1.30085656709059,6.899124694564521,2.480207563777296,1.442233451420274,3.5548401278554653,0.7930551962478694,3.6882764173249174,7.280584699422674,3.9787312523565346,-56.74379115289454
-1.1745198693104246,1.0596550623181713,4.455034063622893,5.936691041514247,3.426007600061898,4.203749096725621,3.3997807751245057,5.26231143354393,4.220754491787047,6.159009020048553,44.824466992139726
